"","nombres.indicadores","Present","Future","SD","Indicators","Percentage","multiplier","multiplier2","multiplier.final"
"1","SSTrcp4.5 N",16.0562662981137,16.0223208883692,0.427885831061754,1.0021163913621,-0.211415338499266,1,1.8,1.4
"2","SSTrcp4.5 C",17.2562961653861,17.4563746173457,0.565634682081859,1.01152781754644,1.15945188957121,1.00533126915249,1.8,1.40266563457624
"3","SSTrcp4.5 S",19.0564368591443,19.3813718345904,0.440702430349638,1.01690745268774,1.70511926152777,1.00839982133472,1.8,1.40419991066736
"4","SSTrcp8.5 N",16.0562662981137,16.0949393250085,0.427885831061754,1.00240569800085,0.240859401412658,1.00016557824079,1.8,1.4000827891204
"5","SSTrcp8.5 C",17.2562961653861,17.5253174629709,0.565634682081859,1.01546947564169,1.55897473598322,1.00757797981399,1.8,1.403788989907
"6","SSTrcp8.5 S",19.0564368591443,19.8334781731937,0.440702430349638,1.03996638933867,4.07757924418335,1.02174131403006,1.8,1.41087065701503
"7","Salinityrcp4.5 N",35.4145920016006,35.0198956825068,0.156476071124175,1.01120759058665,-1.11450195183959,1.00507849386005,1.2,1.10253924693003
"8","Salinityrcp4.5 C",35.7271031439929,35.4590803876422,0.040038178688426,1.00753022593869,-0.750194481961048,1.00302981633387,1.2,1.10151490816693
"9","Salinityrcp4.5 S",35.8459786822417,35.6482345041668,0.115568236317312,1.00553176749604,-0.551649544367976,1.00191330189149,1.2,1.10095665094575
"10","Salinityrcp8.5 N",35.4145920016006,34.8442499079363,0.156476071124175,1.01623581051711,-1.61047201571192,1.00786757398475,1.2,1.10393378699237
"11","Salinityrcp8.5 C",35.7271031439929,35.2459134725094,0.040038178688426,1.01355999977383,-1.34684771262919,1.00638508671853,1.2,1.10319254335927
"12","Salinityrcp8.5 S",35.8459786822417,35.5401838705756,0.115568236317312,1.00856739376874,-0.853079823477014,1.00360839048994,1.2,1.10180419524497
"13","PHrcp4.5 N",8.19107567097229,8.14441243520579,0.0230901182181602,1.0057131274421,-0.5696838564423,1.00201471757166,1,1.00100735878583
"14","PHrcp4.5 C",8.24189645361345,8.18583975103825,0.00737293825115676,1.00682466767811,-0.68014325211066,1.00263588430627,1,1.00131794215314
"15","PHrcp4.5 S",8.23405904436821,8.19152128358954,0.0106253104566192,1.00517946459431,-0.516607429573458,1.00171624309093,1,1.00085812154546
"16","PHrcp8.5 N",8.19107567097229,8.15237623200593,0.0230901182181602,1.00473578183166,-0.472458569800587,1.00146797264824,1,1.00073398632412
"17","PHrcp8.5 C",8.24189645361345,8.18852206153354,0.00737293825115676,1.00649704446445,-0.647598430534847,1.00245286899622,1,1.00122643449811
"18","PHrcp8.5 S",8.23405904436821,8.1943561005122,0.0106253104566192,1.00483345725097,-0.482179489387627,1.00152263809196,1,1.00076131904598
"19","ECurrentrcp4.5 N",-0.0067007941736081,-0.0100938706354451,0.0220268826824624,1.40970231910398,50.6369301000334,1.28356711673446,2,1.64178355836723
"20","ECurrentrcp4.5 C",-0.0164160843715702,-0.0178565171959384,0.0163706583630814,1.08410694203688,8.77452132777041,1.04815449653122,2,1.52407724826561
"22","Ecurrentrcp8.5 N",-0.0067007941736081,-0.0186306933437409,0.0220268826824624,2.02258434769281,178.037093231727,2,2,2
"23","Ecurrentrcp8.5 C",-0.0164160843715702,-0.0123282817878778,0.0163706583630814,1.28636565326215,-24.9012035462716,1.13884264916227,2,1.56942132458114
"27","NCurrentrcp4.5 S",0.0104932177573062,0.00129237058021764,0.0481884297392681,3.09425092955928,-87.6837533527998,1.49189936487587,2,1.74594968243794
"30","Ncurrentrcp8.5 S",0.0104932177573062,0.00286330662272113,0.0481884297392681,2.29875200180456,-72.71278754577,1.40771036593941,2,1.7038551829697
"31","PLANKTONrcp4.5 N",0.00997756845715806,0.0112183427109381,0.00310744373333067,1.11721076164142,12.4356375915403,1.06874272825987,1.6,1.33437136412993
"32","PLANKTONrcp4.5 C",0.00869988138166223,0.0095573958603974,0.00276923945867199,1.0940058991399,9.85662264939204,1.05423967688561,1.6,1.3271198384428
"33","PLANKTONrcp4.5 S",0.00643596510446905,0.00674767761511805,0.00195387289565286,1.04729658147662,4.84329087540496,1.0260472817637,1.6,1.31302364088185
"34","PLANKTONrcp8.5 N",0.00997756845715806,0.0116056592488521,0.00310744373333067,1.15115342635399,16.317510610774,1.09057238225148,1.6,1.34528619112574
"35","PLANKTONrcp8.5 C",0.00869988138166223,0.0102012699732211,0.00276923945867199,1.1592028284425,17.257575427678,1.0958588224779,1.6,1.34792941123895
"36","PLANKTONrcp8.5 S",0.00643596510446905,0.00670751679569322,0.00195387289565286,1.04132700014431,4.21928470425678,1.0225381925335,1.6,1.31126909626675
"37","Riverrcp4.5 N",734209.055,761171.08,181656.327598922,1.03672254491604,3.67225449160389,1.0194619764373,1.4,1.20973098821865
"38","Riverrcp4.5 C",144533.53,162081.175,72258.6560661737,1.12140881773247,12.1408817732467,1.06708517339048,1.4,1.23354258669524
"39","Riverrcp4.5 S",255960.435,296071.945,97765.8203249736,1.15670980556038,15.6709805560379,1.08693663030387,1.4,1.24346831515193
"40","Riverrcp8.5 N",734209.055,731350.255,181656.327598922,1.00390893416725,-0.389371389596938,1.00100073315174,1.4,1.20050036657587
"41","Riverrcp8.5 C",144533.53,140402.29,72258.6560661737,1.02942430639842,-2.85832636897472,1.01488486399622,1.4,1.20744243199811
"42","Riverrcp8.5 S",255960.435,243390.62,97765.8203249736,1.05164461555667,-4.91084295899091,1.02642715988021,1.4,1.21321357994011
